{
	"credit": "Made with Blockbench",
	"parent": "block/block",
	"textures": {
		"2": "machine/iron_block",
		"3": "machine/cauldron_side",
		"4": "machine/obsidian",
		"particle": "redstone/magenta_stained_glass"
	},
	"elements": [
		{
			"from": [0, 3, 0],
			"to": [16, 4, 16],
			"rotation": {"angle": -22.5, "axis": "x", "origin": [8, 4, 8]},
			"faces": {
				"up": {"uv": [0, 0, 15.999, 16], "texture": "#2"}
			}
		},
		{
			"from": [6, -4.5, -5],
			"to": [10, -3.5, 0],
			"faces": {
				"north": {"uv": [0, 0, 4, 1], "texture": "#3"},
				"east": {"uv": [0, 0, 1, 5], "rotation": 270, "texture": "#3"},
				"west": {"uv": [0, 0, 1, 5], "rotation": 270, "texture": "#3"},
				"up": {"uv": [0, 4, 5, 8], "rotation": 270, "texture": "#3"},
				"down": {"uv": [0, 4, 5, 8], "rotation": 270, "texture": "#3"}
			}
		},
		{
			"from": [10, -3.5, -5],
			"to": [11, 0.5, 0],
			"rotation": {"angle": 0, "axis": "z", "origin": [-2, -1.5, 8]},
			"faces": {
				"north": {"uv": [0, 0, 4, 1], "texture": "#3"},
				"east": {"uv": [0, 4, 4, 9], "rotation": 270, "texture": "#3"},
				"west": {"uv": [0, 4, 4, 9], "rotation": 270, "texture": "#3"},
				"up": {"uv": [0, 0, 5, 1], "rotation": 270, "texture": "#3"},
				"down": {"uv": [0, 0, 5, 1], "rotation": 270, "texture": "#3"}
			}
		},
		{
			"from": [6, 0.5, -5],
			"to": [10, 1.5, 0],
			"faces": {
				"north": {"uv": [0, 0, 4, 1], "texture": "#3"},
				"east": {"uv": [0, 0, 5, 1], "rotation": 270, "texture": "#3"},
				"west": {"uv": [0, 0, 5, 1], "rotation": 270, "texture": "#3"},
				"up": {"uv": [0, 4, 4, 9], "rotation": 270, "texture": "#3"},
				"down": {"uv": [0, 4, 4, 9], "rotation": 270, "texture": "#3"}
			}
		},
		{
			"from": [5, -3.5, -5],
			"to": [6, 0.5, 0],
			"rotation": {"angle": 0, "axis": "z", "origin": [-2, -1.5, 8]},
			"faces": {
				"north": {"uv": [0, 0, 4, 1], "texture": "#3"},
				"east": {"uv": [0, 4, 4, 9], "rotation": 270, "texture": "#3"},
				"west": {"uv": [0, 4, 4, 9], "rotation": 270, "texture": "#3"},
				"up": {"uv": [0, 0, 5, 1], "rotation": 270, "texture": "#3"},
				"down": {"uv": [0, 0, 5, 1], "rotation": 270, "texture": "#3"}
			}
		},
		{
			"from": [6, -4, -1],
			"to": [10, 1, -1],
			"faces": {
				"north": {"uv": [0, 0, 0.999, 0.999], "texture": "#4"}
			}
		}
	],
	"gui_light": "front",
	"display": {
		"thirdperson_righthand": {
			"rotation": [75, 45, 0],
			"translation": [0, 2.5, 0],
			"scale": [0.375, 0.375, 0.375]
		},
		"firstperson_righthand": {
			"rotation": [0, 45, 0],
			"scale": [0.4, 0.4, 0.4]
		},
		"firstperson_lefthand": {
			"rotation": [0, 225, 0],
			"scale": [0.4, 0.4, 0.4]
		},
		"ground": {
			"translation": [0, -1.75, 0],
			"scale": [0.25, 0.25, 0.25]
		},
		"gui": {
			"rotation": [30, 225, 0],
			"scale": [0.625, 0.625, 0.625]
		},
		"fixed": {
			"rotation": [-90, 0, 0],
			"translation": [0, 0, -30],
			"scale": [1.8, 1.8, 1.8]
		}
	},
		"fixed": {
			"rotation": [-70, 0, 0],
			"translation": [0, 0, -10]
		}
	}
}